name,position,team,minutes,total_points,goals_scored,assists,bonus,influence,creativity,threat,ict_index,value,was_home,opponent_team,kickoff_time,round,GW,form_last_3,avg_minutes_last_3,avg_influence_last_3,predicted_points,now_cost,full_name
Jeremy Sarmiento Morante,MID,Brighton,8,1,0,0,0,0.2,0.8,0.0,0.1,50,True,8,2024-08-17T14:00:00Z,1,1,,,,2.661272765421701,5.0,Jeremy Sarmiento Morante
Jay Stansfield,FWD,Fulham,1,1,0,0,0,0.0,0.0,0.0,0.0,50,False,14,2024-08-16T19:00:00Z,1,1,,,,2.6389234454157817,5.0,Jay Stansfield
Francisco Jorge Tomás Oliveira,MID,Wolves,6,1,0,0,0,3.0,14.3,2.0,1.9,45,False,1,2024-08-17T14:00:00Z,1,1,,,,2.541403344397498,4.5,Francisco Jorge Tomás Oliveira
Marcus Myers-Harness,MID,Ipswich,18,1,0,0,0,4.0,0.3,2.0,0.6,50,True,13,2024-08-24T14:00:00Z,2,2,,,,2.661272765421701,5.0,Marcus Myers-Harness
Samuel Edozie,MID,Southampton,19,1,0,0,0,3.0,0.5,6.0,1.0,50,False,16,2024-08-24T14:00:00Z,2,2,,,,2.6389234454157817,5.0,Samuel Edozie
Frank Onyeka,MID,Brentford,17,1,0,0,0,0.0,0.5,0.0,0.0,50,True,12,2024-08-25T15:30:00Z,2,2,,,,2.661272765421701,5.0,Frank Onyeka
Jason Steele,GK,Brighton,90,2,0,0,0,21.8,0.0,0.0,2.2,45,False,14,2024-08-24T11:30:00Z,2,2,,,,2.541403344397498,4.5,Jason Steele
Norberto Murara Neto,GK,Bournemouth,90,3,0,0,0,30.8,0.0,0.0,3.1,45,True,15,2024-08-25T13:00:00Z,2,2,,,,2.574769685062391,4.5,Norberto Murara Neto
Scott McTominay,MID,Man Utd,11,1,0,0,0,2.6,0.2,5.0,0.8,50,False,5,2024-08-24T11:30:00Z,2,2,,,,2.6389234454157817,5.0,Scott McTominay
Daniel Castelo Podence,MID,Wolves,31,1,0,0,0,3.0,0.9,0.0,0.4,55,True,6,2024-08-25T13:00:00Z,2,2,,,,3.634157811351306,5.5,Daniel Castelo Podence
Chadi Riad Dnanou,DEF,Crystal Palace,90,1,0,0,0,18.2,1.3,0.0,2.0,45,True,19,2024-08-24T14:00:00Z,2,2,,,,2.574769685062391,4.5,Chadi Riad Dnanou
Billy Gilmour,MID,Brighton,89,2,0,0,0,11.0,4.3,2.0,1.7,50,False,14,2024-08-24T11:30:00Z,2,2,,,,2.6389234454157817,5.0,Billy Gilmour
Ryan Trevitt,MID,Brentford,3,1,0,0,0,2.6,0.1,0.0,0.3,45,True,18,2024-09-21T14:00:00Z,5,5,,,,2.574769685062391,4.5,Ryan Trevitt
Maxwel Cornet,MID,Southampton,45,1,0,0,0,6.2,1.5,5.0,1.3,49,False,3,2024-09-30T19:00:00Z,6,6,,,,2.6634823172367534,4.9,Maxwel Cornet
Tomiyasu Takehiro,DEF,Arsenal,6,1,0,0,0,0.4,0.3,9.0,1.0,48,False,17,2024-10-05T14:00:00Z,7,7,,,,2.574996752538153,4.8,Tomiyasu Takehiro
Chiedozie Ogbene,MID,Ipswich,34,1,0,0,0,0.0,0.8,0.0,0.0,50,True,4,2024-10-26T14:00:00Z,9,9,1.3333333333333333,38.666666666666664,3.9333333333333336,2.306027324855715,5.0,Chiedozie Ogbene
Ferdi Kadioglu,DEF,Brighton,86,6,1,0,0,56.6,20.6,23.0,10.0,45,False,12,2024-11-02T15:00:00Z,10,10,4.0,68.66666666666667,11.0,2.5616726759003394,4.5,Ferdi Kadioglu
Odsonne Edouard,FWD,Leicester,2,1,0,0,0,2.0,0.0,0.0,0.2,52,True,14,2024-11-10T14:00:00Z,11,11,1.0,8.0,0.7333333333333334,4.037585270099475,5.2,Odsonne Edouard
Asher Agbinone,MID,Crystal Palace,2,1,0,0,0,4.0,0.3,0.0,0.4,45,False,9,2024-11-09T15:00:00Z,11,11,,,,2.541403344397498,4.5,Asher Agbinone
Abdul Fatawu,MID,Leicester,90,2,0,0,0,18.0,2.2,13.0,3.3,53,False,14,2024-11-10T14:00:00Z,11,11,2.6666666666666665,70.33333333333333,20.733333333333334,2.520189832016315,5.3,Abdul Fatawu
Eric da Silva Moreira,MID,Nott'm Forest,27,1,0,0,0,5.2,0.3,0.0,0.6,44,False,13,2024-12-04T19:30:00Z,14,14,,,,2.556231549332592,4.4,Eric da Silva Moreira
Michail Antonio,FWD,West Ham,28,1,0,0,0,0.0,0.3,13.0,1.3,54,True,11,2024-12-03T20:15:00Z,14,14,2.0,68.0,3.133333333333336,2.1667100508618056,5.4,Michail Antonio
Reiss Nelson,MID,Fulham,70,2,0,0,0,5.8,5.0,2.0,1.3,50,True,5,2024-12-05T19:30:00Z,14,14,2.6666666666666665,70.66666666666667,11.933333333333332,2.601981382640618,5.0,Reiss Nelson
Samuel Amo-Ameyaw,MID,Southampton,17,0,0,0,0,0.0,1.1,0.0,0.1,44,False,2,2024-12-07T15:00:00Z,15,15,,,,2.556231549332592,4.4,Samuel Amo-Ameyaw
Sam Johnstone,GK,Wolves,90,1,0,0,0,16.6,0.0,0.0,1.7,43,False,10,2024-12-14T15:00:00Z,16,16,1.6666666666666667,90.0,36.73333333333333,2.3700034561260357,4.3,Sam Johnstone
Will Alves,MID,Leicester,1,1,0,0,0,0.0,0.3,0.0,0.0,45,False,13,2024-12-29T14:30:00Z,19,19,,,,2.541403344397498,4.5,Will Alves
Diego Carlos Santos Silva,DEF,Aston Villa,90,1,0,0,0,20.6,1.0,2.0,2.4,45,False,5,2024-12-30T19:45:00Z,19,19,2.6666666666666665,90.0,21.8,3.025313080182871,4.5,Diego Carlos Santos Silva
Joe Gomez,DEF,Liverpool,36,1,0,0,0,3.8,0.6,2.0,0.6,49,True,19,2024-12-29T17:15:00Z,19,19,1.0,90.0,20.733333333333334,2.754954932408756,4.9,Joe Gomez
Fraser Forster,GK,Spurs,90,1,0,0,0,10.8,0.0,0.0,1.1,43,False,20,2024-12-29T15:00:00Z,19,19,3.3333333333333335,90.0,25.53333333333333,2.794002080976473,4.3,Fraser Forster
Max Aarons,DEF,Bournemouth,8,1,0,0,0,1.4,0.8,0.0,0.2,43,False,9,2024-12-29T15:00:00Z,19,19,,,,2.1768472246449093,4.3,Max Aarons
Gabriel Fernando de Jesus,FWD,Arsenal,90,2,0,0,0,7.6,27.1,34.0,6.9,69,True,5,2025-01-04T17:30:00Z,20,20,10.0,82.0,40.06666666666666,5.00535349606043,6.9,Gabriel Fernando de Jesus
Mario Lemina,MID,Wolves,31,1,0,0,0,11.0,6.6,2.0,2.0,50,False,16,2025-01-06T20:00:00Z,20,20,1.6666666666666667,90.0,18.866666666666664,3.223735645114462,5.0,Mario Lemina
Harrison Armstrong,MID,Everton,45,1,0,0,0,1.8,10.8,7.0,2.0,45,False,3,2025-01-04T15:00:00Z,20,20,,,,2.541403344397498,4.5,Harrison Armstrong
Cheick Doucouré,MID,Crystal Palace,70,3,0,0,0,8.0,2.5,0.0,1.1,49,False,11,2025-01-15T19:30:00Z,21,21,1.3333333333333333,36.333333333333336,7.400000000000001,2.300501131887349,4.9,Cheick Doucouré
Mark Travers,GK,Bournemouth,90,3,0,0,0,47.6,0.0,0.0,4.8,44,True,6,2025-01-14T19:30:00Z,21,21,4.666666666666667,90.0,28.13333333333333,3.331745828206172,4.4,Mark Travers
Divin Mubama,FWD,Man City,27,1,0,0,0,0.2,0.1,5.0,0.5,45,True,10,2025-01-19T16:30:00Z,22,22,,,,2.574769685062391,4.5,Divin Mubama
Remy Rees-Dottin,FWD,Bournemouth,1,1,0,0,0,0.0,0.0,0.0,0.0,45,False,15,2025-01-18T12:30:00Z,22,22,,,,2.541403344397498,4.5,Remy Rees-Dottin
Adam Armstrong,FWD,Southampton,59,1,0,0,0,0.6,0.7,8.0,0.9,51,False,15,2025-01-25T15:00:00Z,23,23,1.0,36.333333333333336,2.066666666666667,2.306304317809638,5.1,Adam Armstrong
Tyrell Malacia,DEF,Man Utd,9,1,0,0,0,3.2,0.1,0.0,0.3,44,False,9,2025-01-26T19:00:00Z,23,23,,,,2.556231549332592,4.4,Tyrell Malacia
Alex McCarthy,GK,Southampton,90,2,0,0,0,39.8,0.0,0.0,4.0,43,True,15,2025-01-25T15:00:00Z,23,23,2.6666666666666665,90.0,42.199999999999996,2.395782914114178,4.3,Alex McCarthy
Jhon Durán,FWD,Aston Villa,24,1,0,0,0,0.4,1.8,9.0,1.1,58,False,19,2025-01-26T16:30:00Z,23,23,2.0,40.0,14.533333333333331,2.140545317257617,5.8,Jhon Durán
Orel Mangala,MID,Everton,90,3,0,0,0,9.6,0.9,1.0,1.2,50,False,5,2025-01-25T15:00:00Z,23,23,1.6666666666666667,75.0,9.933333333333332,2.3299308486714754,5.0,Orel Mangala
Will Lankshear,FWD,Spurs,1,1,0,0,0,0.0,0.0,0.0,0.0,45,True,11,2025-01-26T14:00:00Z,23,23,,,,2.574769685062391,4.5,Will Lankshear
Mads Roerslev Rasmussen,DEF,Brentford,90,2,0,0,0,14.0,15.5,1.0,3.1,43,False,7,2025-01-26T14:00:00Z,23,23,3.3333333333333335,88.66666666666667,18.066666666666666,2.0854480719937016,4.3,Mads Roerslev Rasmussen
Jayden Danns,FWD,Liverpool,10,1,0,0,0,0.0,0.3,0.0,0.0,45,False,10,2025-01-25T15:00:00Z,23,23,,,,2.541403344397498,4.5,Jayden Danns
Zain Silcott-Duberry,MID,Bournemouth,1,1,0,0,0,2.0,1.0,0.0,0.3,45,True,16,2025-01-25T15:00:00Z,23,23,,,,2.574769685062391,4.5,Zain Silcott-Duberry
Arijanet Muric,GK,Ipswich,90,1,0,0,0,20.6,0.0,0.0,2.1,44,True,17,2025-02-01T15:00:00Z,24,24,3.0,90.0,32.26666666666666,3.065808520522893,4.4,Arijanet Muric
Marc Guiu Paz,FWD,Chelsea,38,1,0,0,0,4.4,11.5,6.0,2.2,47,False,19,2025-02-03T20:00:00Z,24,24,,,,2.5588469903926994,4.7,Marc Guiu Paz
Lewis Orford,MID,West Ham,13,1,0,0,0,4.2,14.1,0.0,1.8,45,True,6,2025-02-03T20:00:00Z,24,24,,,,2.574769685062391,4.5,Lewis Orford
Lisandro Martínez,DEF,Man Utd,81,2,0,0,0,13.0,3.3,9.0,2.5,44,False,7,2025-02-02T14:00:00Z,24,24,7.666666666666667,90.0,40.800000000000004,2.5597550655167742,4.4,Lisandro Martínez
Martin Dúbravka,GK,Newcastle,90,1,0,0,0,23.8,0.0,0.0,2.4,43,True,13,2025-02-15T15:00:00Z,25,25,2.0,90.0,29.733333333333334,2.1583546451364146,4.3,Martin Dúbravka
John Stones,DEF,Man City,90,7,0,0,1,19.4,2.0,0.0,2.1,53,False,15,2025-02-15T15:00:00Z,25,25,0.6666666666666666,57.0,12.866666666666667,2.1395369865492686,5.3,John Stones
Fábio Freitas Gouveia Carvalho,MID,Brentford,18,6,1,0,0,35.4,10.4,17.0,6.3,45,False,11,2025-02-21T20:00:00Z,26,26,1.0,5.333333333333333,0.20000000000000004,2.5267140696785164,4.5,Fábio Freitas Gouveia Carvalho
Nathan Aké,DEF,Man City,76,1,0,0,0,13.2,12.8,2.0,2.8,53,True,12,2025-02-23T16:30:00Z,26,26,4.333333333333333,73.0,11.6,2.940807995511015,5.3,Nathan Aké
Filip Jørgensen,GK,Chelsea,90,6,0,0,0,21.6,0.0,0.0,2.2,42,True,17,2025-02-25T20:15:00Z,27,27,2.3333333333333335,90.0,26.400000000000002,2.700595684031378,4.2,Filip Jørgensen
Lewis Hall,DEF,Newcastle,90,1,0,0,0,25.0,5.3,0.0,3.0,50,True,12,2025-02-26T20:15:00Z,27,27,3.3333333333333335,88.66666666666667,30.53333333333333,3.2129661421353415,5.0,Lewis Hall
Shumaira Mheuka,FWD,Chelsea,1,1,0,0,0,3.0,0.0,17.0,2.0,45,True,17,2025-02-25T20:15:00Z,27,27,,,,2.574769685062391,4.5,Shumaira Mheuka
Timo Werner,MID,Spurs,8,1,0,0,0,0.2,0.5,0.0,0.1,62,True,13,2025-02-26T19:30:00Z,27,27,1.3333333333333333,32.0,3.8666666666666667,2.516470602352543,6.2,Timo Werner
Mathis Amougou,MID,Chelsea,7,1,0,0,0,1.0,0.9,0.0,0.2,45,False,17,2025-02-25T20:15:00Z,27,27,,,,2.541403344397498,4.5,Mathis Amougou
Wesley Fofana,DEF,Chelsea,85,1,0,0,0,5.0,11.3,0.0,1.6,43,True,1,2025-03-16T13:30:00Z,29,29,3.0,73.66666666666667,7.2,2.041955799765899,4.3,Wesley Fofana
Dane Scarlett,FWD,Spurs,4,1,0,0,0,3.0,0.0,17.0,2.0,44,False,9,2025-03-16T13:30:00Z,29,29,,,,2.556231549332592,4.4,Dane Scarlett
Abdukodir Khusanov,DEF,Man City,90,-1,0,0,0,11.4,1.8,0.0,1.3,50,True,5,2025-03-15T15:00:00Z,29,29,3.0,90.0,23.933333333333334,3.1887485669158604,5.0,Abdukodir Khusanov
Benoît Badiashile,DEF,Chelsea,85,2,0,0,0,17.8,3.8,0.0,2.2,42,False,1,2025-03-16T13:30:00Z,29,29,1.3333333333333333,70.0,13.333333333333334,2.20463449514933,4.2,Benoît Badiashile
Jesper Lindstrøm,MID,Everton,22,1,0,0,0,2.4,12.8,4.0,1.9,50,True,19,2025-03-15T15:00:00Z,29,29,2.6666666666666665,63.0,11.333333333333334,2.042985899950951,5.0,Jesper Lindstrøm
Albert Grønbæk,MID,Southampton,7,1,0,0,0,0.0,0.0,0.0,0.0,49,False,20,2025-03-15T15:00:00Z,29,29,1.6666666666666667,44.666666666666664,5.266666666666667,2.511745823168454,4.9,Albert Grønbæk
Georginio Rutter,MID,Brighton,74,5,0,1,0,3.0,11.8,2.0,1.7,51,True,13,2025-03-15T15:00:00Z,29,29,5.0,81.0,28.266666666666666,3.0770207717149374,5.1,Georginio Rutter
Vitor de Oliveira Nunes dos Reis,DEF,Man City,1,1,0,0,0,3.2,0.0,0.0,0.3,45,False,11,2025-04-02T18:45:00Z,30,30,,,,2.541403344397498,4.5,Vitor de Oliveira Nunes dos Reis
Boubacar Traoré,MID,Wolves,1,1,0,0,0,4.0,0.0,0.0,0.4,48,True,19,2025-04-01T18:45:00Z,30,30,,,,2.608961102989481,4.8,Boubacar Traoré
Gabriel dos Santos Magalhães,DEF,Arsenal,15,1,0,0,0,1.6,0.2,0.0,0.2,64,False,9,2025-04-01T18:45:00Z,30,30,4.666666666666667,90.0,19.46666666666667,3.6291337600022384,6.4,Gabriel dos Santos Magalhães
Ethan Pinnock,DEF,Brentford,82,1,0,0,0,11.4,0.8,4.0,1.6,44,True,15,2025-04-02T18:45:00Z,30,30,2.0,90.0,21.73333333333333,3.0200069764458393,4.4,Ethan Pinnock
Rodrigo Muniz Carvalho,FWD,Fulham,56,1,0,0,0,7.4,0.2,54.0,6.2,55,False,3,2025-04-14T19:00:00Z,32,32,6.333333333333333,38.333333333333336,35.199999999999996,3.3282675293293744,5.5,Rodrigo Muniz Carvalho
Joshua Zirkzee,FWD,Man Utd,54,1,0,0,0,1.8,4.1,21.0,2.7,65,True,15,2025-04-13T15:30:00Z,32,32,1.3333333333333333,39.0,2.1333333333333333,2.733834098160518,6.5,Joshua Zirkzee
Christopher Nkunku,MID,Chelsea,3,1,0,0,0,1.0,12.3,0.0,1.3,57,False,10,2025-04-13T13:00:00Z,32,32,2.0,69.33333333333333,6.466666666666666,2.884936366950028,5.7,Christopher Nkunku
Jaden Philogene,MID,Ipswich,4,1,0,0,0,0.0,0.0,0.0,0.0,53,True,6,2025-04-13T13:00:00Z,32,32,1.0,29.666666666666668,1.4000000000000001,2.0384924039235552,5.3,Jaden Philogene
Stephy Mavididi,MID,Leicester,84,2,0,0,0,9.4,13.4,6.0,2.9,50,False,12,2025-04-20T15:30:00Z,33,33,3.6666666666666665,47.666666666666664,15.066666666666665,2.458472865393143,5.0,Stephy Mavididi
Jurriën Timber,DEF,Arsenal,90,4,0,1,0,24.8,15.1,0.0,4.0,57,False,7,2025-04-23T19:00:00Z,33,33,3.0,42.0,5.666666666666667,3.0330326571225696,5.7,Jurriën Timber
Stefan Ortega Moreno,GK,Man City,90,2,0,0,0,15.6,0.0,0.0,1.6,52,True,2,2025-04-22T19:00:00Z,33,33,2.6666666666666665,66.33333333333333,17.666666666666668,3.09453118698154,5.2,Stefan Ortega Moreno
João Pedro Junqueira de Jesus,FWD,Brighton,60,-1,0,0,0,1.4,17.0,9.0,2.7,56,True,4,2025-04-19T14:00:00Z,33,33,5.333333333333333,62.666666666666664,30.133333333333336,2.6208432412594256,5.6,João Pedro Junqueira de Jesus
Joelinton Cássio Apolinário de Lira,MID,Newcastle,90,1,0,0,0,14.0,18.6,13.0,4.6,60,False,2,2025-04-19T16:30:00Z,33,33,5.666666666666667,69.66666666666667,13.533333333333333,3.003145497439104,6.0,Joelinton Cássio Apolinário de Lira
Marcus Rashford,MID,Aston Villa,75,8,1,0,1,37.0,17.1,44.0,9.8,67,True,13,2025-04-22T19:00:00Z,33,33,1.6666666666666667,33.333333333333336,5.2,3.3329755662693095,6.7,Marcus Rashford
Cristian Romero,DEF,Spurs,45,-1,0,0,0,4.8,1.6,6.0,1.2,49,False,16,2025-04-21T19:00:00Z,33,33,2.0,90.0,20.866666666666664,2.7994425598573685,4.9,Cristian Romero
James Tarkowski,DEF,Everton,51,1,0,0,0,13.4,10.7,11.0,3.5,49,True,13,2025-04-19T14:00:00Z,33,33,3.0,90.0,27.333333333333332,3.2665899444919804,4.9,James Tarkowski
Nathan Butler-Oyedeji,FWD,Arsenal,6,1,0,0,0,3.0,0.0,17.0,2.0,45,True,10,2025-04-20T13:00:00Z,33,33,,,,2.574769685062391,4.5,Nathan Butler-Oyedeji
Eiran Cashin,DEF,Brighton,1,1,0,0,0,0.2,0.1,0.0,0.0,45,False,4,2025-04-19T14:00:00Z,33,33,,,,2.541403344397498,4.5,Eiran Cashin
James Maddison,MID,Spurs,45,4,0,1,0,23.4,29.8,2.0,5.5,74,True,12,2025-04-27T15:30:00Z,34,34,3.6666666666666665,80.0,13.800000000000004,4.284405185071682,7.4,James Maddison
Carlos Vinícius Alves Morais,FWD,Fulham,4,1,0,0,0,0.0,0.0,0.0,0.0,50,False,17,2025-04-26T14:00:00Z,34,34,,,,2.6389234454157817,5.0,Carlos Vinícius Alves Morais
Mads Hermansen,GK,Leicester,90,1,0,0,0,12.2,0.0,0.0,1.2,44,True,20,2025-04-26T14:00:00Z,34,34,2.0,90.0,35.4,2.513064906576143,4.4,Mads Hermansen
Adam Wharton,MID,Crystal Palace,60,3,0,0,0,5.8,17.0,3.0,2.6,47,False,16,2025-05-05T19:00:00Z,35,35,3.0,56.333333333333336,8.133333333333333,2.164725269838198,4.7,Adam Wharton
Gustavo Nunes Fernandes Gomes,MID,Brentford,9,1,0,0,0,8.0,0.3,2.0,1.0,49,False,14,2025-05-04T13:00:00Z,35,35,,,,2.6634823172367534,4.9,Gustavo Nunes Fernandes Gomes
Michael Golding,MID,Leicester,1,1,0,0,0,0.0,0.0,0.0,0.0,44,False,17,2025-05-03T14:00:00Z,35,35,,,,2.556231549332592,4.4,Michael Golding
Matthijs de Ligt,DEF,Man Utd,34,0,0,0,0,6.8,0.1,0.0,0.7,48,True,4,2025-05-04T13:00:00Z,35,35,3.3333333333333335,90.0,24.866666666666664,3.2205951164447675,4.8,Matthijs de Ligt
Dango Ouattara,MID,Bournemouth,73,1,0,0,0,17.6,36.0,2.0,5.6,47,False,1,2025-05-03T16:30:00Z,35,35,2.3333333333333335,82.66666666666667,17.400000000000002,2.8208006643314416,4.7,Dango Ouattara
Evan Ferguson,FWD,West Ham,10,1,0,0,0,2.2,0.3,0.0,0.3,55,False,18,2025-05-04T13:00:00Z,35,35,1.0,16.666666666666668,0.3333333333333333,3.419123324032861,5.5,Evan Ferguson
Rico Lewis,DEF,Man City,75,6,0,0,0,4.8,11.4,8.0,2.4,43,True,17,2025-05-10T14:00:00Z,36,36,1.0,37.666666666666664,5.3999999999999995,2.008873714824313,4.3,Rico Lewis
Cameron Burgess,DEF,Ipswich,90,2,0,0,0,38.4,0.3,17.0,5.6,38,True,4,2025-05-10T14:00:00Z,36,36,1.6666666666666667,78.33333333333333,23.933333333333334,2.654604435878074,3.8,Cameron Burgess
Mateus Mané,FWD,Wolves,1,1,0,0,0,0.0,0.3,0.0,0.0,45,True,5,2025-05-10T14:00:00Z,36,36,,,,2.574769685062391,4.5,Mateus Mané
Willian Borges da Silva,MID,Fulham,16,1,0,0,0,6.8,26.3,2.0,3.5,50,False,8,2025-05-10T14:00:00Z,36,36,1.3333333333333333,28.0,4.666666666666667,2.185238600564692,5.0,Willian Borges da Silva
Martial Godo,MID,Fulham,7,1,0,0,0,2.4,11.5,8.0,2.2,44,True,8,2025-05-10T14:00:00Z,36,36,,,,2.5843612903760436,4.4,Martial Godo
Jan Bednarek,DEF,Southampton,90,7,0,0,1,40.2,0.2,0.0,4.0,40,False,13,2025-05-10T14:00:00Z,36,36,1.3333333333333333,90.0,18.866666666666667,2.130762366674403,4.0,Jan Bednarek
Nico O'Reilly,MID,Man City,14,1,0,0,0,0.0,0.0,2.0,0.2,49,True,17,2025-05-10T14:00:00Z,36,36,4.666666666666667,79.0,22.599999999999998,2.5581181414518777,4.9,Nico O'Reilly
Ryan Manning,DEF,Southampton,2,1,0,0,0,3.0,0.0,0.0,0.3,43,True,13,2025-05-10T14:00:00Z,36,36,2.3333333333333335,88.0,19.133333333333336,2.1855681135300897,4.3,Ryan Manning
Marc Guéhi,DEF,Crystal Palace,90,7,0,0,1,33.0,14.1,2.0,4.9,47,False,18,2025-05-11T13:15:00Z,36,36,3.0,90.0,16.66666666666667,3.0655643036127027,4.7,Marc Guéhi
Trevoh Chalobah,DEF,Chelsea,74,2,0,0,0,10.6,2.2,4.0,1.7,44,False,15,2025-05-11T11:00:00Z,36,36,4.0,90.0,22.666666666666668,3.1863229923834955,4.4,Trevoh Chalobah
Dejan Kulusevski,MID,Spurs,18,1,0,0,0,0.0,0.0,5.0,0.3,62,False,7,2025-05-11T13:15:00Z,36,36,1.6666666666666667,67.0,8.999999999999993,2.4695466761313294,6.2,Dejan Kulusevski
Lucas Digne,DEF,Aston Villa,90,7,0,0,1,16.0,15.2,0.0,3.1,44,True,3,2025-05-10T16:30:00Z,36,36,2.3333333333333335,66.33333333333333,14.199999999999998,2.7644053186728725,4.4,Lucas Digne
Alexis Mac Allister,MID,Liverpool,24,1,0,0,0,2.0,15.8,0.0,1.8,62,False,1,2025-05-11T15:30:00Z,36,36,5.666666666666667,64.33333333333333,32.73333333333334,2.8798488377743046,6.2,Alexis Mac Allister
Emerson Palmieri dos Santos,DEF,West Ham,7,1,0,0,0,0.2,0.1,0.0,0.0,44,False,14,2025-05-11T13:15:00Z,36,36,4.0,84.66666666666667,11.333333333333334,3.7555486176519306,4.4,Emerson Palmieri dos Santos
Tyrone Mings,DEF,Aston Villa,69,6,0,0,0,5.8,0.7,4.0,1.1,44,False,3,2025-05-10T16:30:00Z,36,36,3.3333333333333335,90.0,12.066666666666668,3.164375786564982,4.4,Tyrone Mings
Konstantinos Tsimikas,DEF,Liverpool,90,1,0,0,0,9.6,2.3,2.0,1.4,46,False,5,2025-05-19T19:00:00Z,37,37,3.3333333333333335,76.66666666666667,18.599999999999998,2.6328100783499697,4.6,Konstantinos Tsimikas
André Onana,GK,Man Utd,90,2,0,0,0,18.6,0.0,0.0,1.9,49,True,6,2025-05-16T19:15:00Z,37,37,5.0,90.0,15.000000000000005,3.1779765370526096,4.9,André Onana
Alphonse Areola,GK,West Ham,90,2,0,0,0,18.4,0.0,0.0,1.8,42,True,16,2025-05-18T13:15:00Z,37,37,4.333333333333333,90.0,32.6,2.1274190142790004,4.2,Alphonse Areola
Tyler Dibling,MID,Southampton,67,2,0,0,0,0.0,2.8,0.0,0.2,43,True,8,2025-05-18T11:00:00Z,37,37,1.6666666666666667,40.333333333333336,1.0,2.053349313268943,4.3,Tyler Dibling
Pervis Estupiñán,DEF,Brighton,90,1,0,0,0,36.6,24.0,24.0,8.5,49,False,12,2025-05-19T19:00:00Z,37,37,3.3333333333333335,90.0,18.533333333333335,3.2074468226759736,4.9,Pervis Estupiñán
Harry Howell,MID,Brighton,6,1,0,0,0,2.0,0.9,6.0,0.9,45,True,12,2025-05-19T19:00:00Z,37,37,,,,2.574769685062391,4.5,Harry Howell
Luke Shaw,DEF,Man Utd,80,2,0,0,0,0.6,0.8,0.0,0.1,49,True,6,2025-05-16T19:15:00Z,37,37,0.0,62.0,8.333333333333334,2.1603017484735805,4.9,Luke Shaw
Antonín Kinsky,GK,Spurs,90,2,0,0,0,40.4,0.0,0.0,4.0,41,False,2,2025-05-16T18:30:00Z,37,37,3.6666666666666665,90.0,35.26666666666667,2.0157531650428284,4.1,Antonín Kinsky
Hwang Hee-chan,MID,Wolves,9,1,0,0,0,0.4,0.7,0.0,0.1,61,True,7,2025-05-20T19:00:00Z,37,37,1.0,9.333333333333334,0.5333333333333333,2.822562133339208,6.1,Hwang Hee-chan
Son Heung-min,MID,Spurs,73,2,0,0,0,1.0,3.3,8.0,1.2,97,True,2,2025-05-16T18:30:00Z,37,37,1.3333333333333333,59.333333333333336,3.9333333333333336,3.1998972712403906,9.7,Son Heung-min
Julio Enciso,MID,Ipswich,70,2,0,0,0,6.0,22.6,30.0,5.9,54,False,11,2025-05-18T14:00:00Z,37,37,4.333333333333333,83.33333333333333,16.866666666666664,4.63670342592382,5.4,Julio Enciso
Ben Chilwell,DEF,Crystal Palace,90,7,1,0,0,50.0,25.5,25.0,10.1,46,True,20,2025-05-20T19:00:00Z,37,37,1.0,27.666666666666668,8.333333333333334,2.5796571695121417,4.6,Ben Chilwell
Danny Welbeck,FWD,Brighton,83,5,0,1,0,21.6,34.7,62.0,11.8,55,False,12,2025-05-19T19:00:00Z,37,37,4.0,90.0,19.866666666666664,3.6904575938112147,5.5,Danny Welbeck
Joe Aribo,MID,Southampton,59,1,0,0,0,7.8,3.3,0.0,1.1,49,True,8,2025-05-18T11:00:00Z,37,37,1.3333333333333333,42.333333333333336,7.666666666666667,2.273135534219023,4.9,Joe Aribo
Joel Ward,DEF,Crystal Palace,70,0,0,0,0,5.8,10.3,0.0,1.6,43,False,20,2025-05-20T19:00:00Z,37,37,,,,2.1768472246449093,4.3,Joel Ward
Manuel Ugarte,MID,Man Utd,20,0,0,0,0,1.4,1.5,0.0,0.3,49,True,6,2025-05-16T19:15:00Z,37,37,3.0,57.666666666666664,19.333333333333332,2.274435276051858,4.9,Manuel Ugarte
Jack Grealish,MID,Man City,1,1,0,0,0,2.0,0.0,0.0,0.2,64,True,3,2025-05-20T19:00:00Z,37,37,3.6666666666666665,36.333333333333336,12.933333333333337,2.1656848723439457,6.4,Jack Grealish
Bilal El Khannouss,MID,Leicester,90,3,0,0,0,16.6,47.5,8.0,7.2,48,True,10,2025-05-18T14:00:00Z,37,37,4.333333333333333,85.0,14.200000000000001,3.0501888371596055,4.8,Bilal El Khannouss
Wilfred Ndidi,MID,Leicester,87,6,0,1,0,31.2,15.8,0.0,4.7,49,False,10,2025-05-18T14:00:00Z,37,37,2.0,90.0,18.200000000000006,3.1170487198958954,4.9,Wilfred Ndidi
Oscar Bobb,MID,Man City,1,1,0,0,0,0.2,0.2,0.0,0.0,47,True,3,2025-05-20T19:00:00Z,37,37,,,,2.592213331057593,4.7,Oscar Bobb
Mateo Kovačić,MID,Man City,66,2,0,1,0,27.6,25.3,1.0,5.4,54,True,3,2025-05-20T19:00:00Z,37,37,2.6666666666666665,87.66666666666667,15.933333333333337,2.888434879958561,5.4,Mateo Kovačić
Calvin Bassey,DEF,Fulham,90,1,0,0,0,16.6,0.7,0.0,1.7,45,False,4,2025-05-18T14:00:00Z,37,37,1.3333333333333333,90.0,17.133333333333333,2.848788190385111,4.5,Calvin Bassey
Jarrad Branthwaite,DEF,Everton,73,6,0,0,0,6.6,1.4,9.0,1.7,49,True,17,2025-05-18T11:00:00Z,37,37,1.6666666666666667,90.0,21.733333333333334,3.1242589048387557,4.9,Jarrad Branthwaite
James Bree,DEF,Southampton,90,1,0,0,0,4.4,2.7,2.0,0.9,39,True,8,2025-05-18T11:00:00Z,37,37,2.3333333333333335,46.333333333333336,6.599999999999997,2.388763234062994,3.9,James Bree
William Saliba,DEF,Arsenal,45,1,0,0,0,2.2,1.5,0.0,0.4,65,False,15,2025-05-18T15:30:00Z,37,37,1.0,90.0,21.73333333333333,4.193571092214623,6.5,William Saliba
Jamie Vardy,FWD,Leicester,79,8,1,0,2,28.2,0.3,28.0,5.7,53,True,10,2025-05-18T14:00:00Z,37,37,4.666666666666667,88.0,18.6,4.123854943905171,5.3,Jamie Vardy
Carlos Soler,MID,West Ham,31,0,0,0,0,12.2,46.5,21.0,8.0,50,False,16,2025-05-18T13:15:00Z,37,37,1.3333333333333333,39.0,6.933333333333333,2.044873430527907,5.0,Carlos Soler
Alex Palmer,GK,Ipswich,90,1,0,0,0,7.8,0.0,0.0,0.8,45,True,11,2025-05-18T14:00:00Z,37,37,1.6666666666666667,90.0,20.600000000000005,2.8074704427812183,4.5,Alex Palmer
Leon Bailey,MID,Aston Villa,1,1,0,0,0,2.0,1.0,2.0,0.5,62,False,18,2025-05-16T18:30:00Z,37,37,0.6666666666666666,34.333333333333336,2.6,2.1628287553213545,6.2,Leon Bailey
Alejandro Garnacho,MID,Man Utd,20,1,0,0,0,2.2,0.3,2.0,0.5,59,True,6,2025-05-16T19:15:00Z,37,37,5.0,70.33333333333333,24.26666666666667,3.3849627513734957,5.9,Alejandro Garnacho
Rodrigo 'Rodri' Hernandez,MID,Man City,7,1,0,0,0,1.4,0.4,0.0,0.2,62,False,3,2025-05-20T19:00:00Z,37,37,,,,3.310891761761013,6.2,Rodrigo 'Rodri' Hernandez
Rodrigo Bentancur,MID,Spurs,65,1,0,0,0,7.0,1.5,0.0,0.9,49,False,5,2025-05-25T15:00:00Z,38,38,1.0,50.333333333333336,6.333333333333333,2.1059004844214084,4.9,Rodrigo Bentancur
Aaron Ramsdale,GK,Southampton,90,3,0,0,0,42.6,0.0,0.0,4.3,44,True,1,2025-05-25T15:00:00Z,38,38,4.0,90.0,21.53333333333333,3.1665959193308293,4.4,Aaron Ramsdale
Rodrigo Martins Gomes,MID,Wolves,25,1,0,0,0,2.4,0.8,0.0,0.3,51,False,4,2025-05-25T15:00:00Z,38,38,1.3333333333333333,45.0,2.4,2.513062067762106,5.1,Rodrigo Martins Gomes
Leandro Trossard,MID,Arsenal,27,4,0,1,0,18.0,12.6,7.0,3.8,67,True,17,2025-05-25T15:00:00Z,38,38,4.0,84.66666666666667,15.866666666666667,3.983975309453074,6.7,Leandro Trossard
Mohamed Salah,MID,Liverpool,90,10,1,0,3,40.2,35.3,36.0,11.2,136,False,7,2025-05-25T15:00:00Z,38,38,2.0,90.0,6.600000000000002,7.141333221558622,13.6,Mohamed Salah
Emiliano Martínez Romero,GK,Aston Villa,45,-2,0,0,0,32.4,0.0,0.0,3.2,50,True,14,2025-05-25T15:00:00Z,38,38,7.666666666666667,90.0,24.466666666666665,2.9343817474561082,5.0,Emiliano Martínez Romero
Aaron Wan-Bissaka,DEF,West Ham,90,5,0,1,0,34.0,20.5,0.0,5.5,45,True,10,2025-05-25T15:00:00Z,38,38,6.666666666666667,90.0,29.599999999999998,3.2198642413230796,4.5,Aaron Wan-Bissaka
Abdoulaye Doucouré,MID,Everton,14,1,0,0,0,1.0,1.3,0.0,0.2,51,False,15,2025-05-25T15:00:00Z,38,38,3.3333333333333335,71.33333333333333,10.533333333333331,2.0578476260556102,5.1,Abdoulaye Doucouré
Jan Paul van Hecke,DEF,Brighton,90,2,0,0,0,17.0,4.8,10.0,3.2,45,True,18,2025-05-25T15:00:00Z,38,38,3.3333333333333335,90.0,20.400000000000002,3.1094973232681173,4.5,Jan Paul van Hecke
James Ward-Prowse,MID,West Ham,79,9,1,0,2,45.4,30.3,24.0,10.0,61,False,10,2025-05-25T15:00:00Z,38,38,1.6666666666666667,52.666666666666664,12.6,4.21640174172003,6.1,James Ward-Prowse
Martin Ødegaard,MID,Arsenal,15,7,1,0,1,35.2,2.9,9.0,4.7,82,False,17,2025-05-25T15:00:00Z,38,38,6.333333333333333,90.0,19.6,4.989940352482301,8.2,Martin Ødegaard
Noussair Mazraoui,DEF,Man Utd,19,1,0,0,0,10.4,21.8,4.0,3.6,42,True,2,2025-05-25T15:00:00Z,38,38,1.3333333333333333,84.66666666666667,20.600000000000005,2.0351523059767813,4.2,Noussair Mazraoui
Ola Aina,DEF,Nott'm Forest,82,1,0,0,0,9.6,20.4,3.0,3.3,53,True,6,2025-05-25T15:00:00Z,38,38,1.0,90.0,11.533333333333337,2.435917334621225,5.3,Ola Aina
Carlos Baleba,MID,Brighton,90,2,0,0,0,12.8,13.5,6.0,3.2,50,True,18,2025-05-25T15:00:00Z,38,38,2.3333333333333335,86.0,11.4,2.538495394002267,5.0,Carlos Baleba
Carlos Henrique Casimiro,MID,Man Utd,90,2,0,0,0,18.8,27.8,27.0,7.4,46,False,2,2025-05-25T15:00:00Z,38,38,2.3333333333333335,74.33333333333333,17.066666666666666,2.2977332584180417,4.6,Carlos Henrique Casimiro
Mason Mount,MID,Man Utd,65,3,0,0,0,14.0,24.3,62.0,10.0,63,False,2,2025-05-25T15:00:00Z,38,38,3.3333333333333335,61.0,19.333333333333332,2.902757598198819,6.3,Mason Mount
James Garner,MID,Everton,90,2,0,0,0,10.8,2.9,13.0,2.7,49,False,15,2025-05-25T15:00:00Z,38,38,2.0,90.0,14.466666666666663,2.6304481264809345,4.9,James Garner
Norberto Bercique Gomes Betuncal,FWD,Everton,87,2,0,0,0,4.4,23.7,12.0,4.0,48,True,15,2025-05-25T15:00:00Z,38,38,5.333333333333333,85.33333333333333,27.133333333333336,2.980859351597396,4.8,Norberto Bercique Gomes Betuncal
Mark Flekken,GK,Brentford,90,3,0,0,0,37.4,0.0,0.0,3.7,45,True,20,2025-05-25T15:00:00Z,38,38,4.0,90.0,26.133333333333336,3.3582065204604334,4.5,Mark Flekken
Marshall Munetsi,MID,Wolves,86,9,1,0,2,41.8,21.0,19.0,8.2,50,False,4,2025-05-25T15:00:00Z,38,38,1.6666666666666667,67.66666666666667,4.2,2.6338277639321097,5.0,Marshall Munetsi
Carlos Alcaraz Durán,MID,Everton,75,10,1,0,2,43.6,2.8,49.0,9.5,47,False,15,2025-05-25T15:00:00Z,38,38,3.3333333333333335,65.66666666666667,15.33333333333333,4.431115892103428,4.7,Carlos Alcaraz Durán
William Osula,FWD,Newcastle,2,1,0,0,0,0.0,11.1,6.0,1.7,49,True,8,2025-05-25T15:00:00Z,38,38,2.6666666666666665,19.0,12.066666666666668,4.434090644365186,4.9,William Osula
Chris Richards,DEF,Crystal Palace,90,2,0,0,0,20.8,0.3,0.0,2.1,44,True,12,2025-05-25T15:00:00Z,38,38,3.0,90.0,18.53333333333333,3.1255940237457414,4.4,Chris Richards
Tomáš Souček,MID,West Ham,90,2,0,0,0,14.2,5.6,17.0,3.7,48,False,10,2025-05-25T15:00:00Z,38,38,4.333333333333333,75.33333333333333,24.599999999999998,2.3337244361550047,4.8,Tomáš Souček
Jake O'Brien,DEF,Everton,90,6,0,0,0,15.6,0.2,0.0,1.6,45,True,15,2025-05-25T15:00:00Z,38,38,3.0,90.0,13.133333333333335,3.550980902304746,4.5,Jake O'Brien
Jakub Kiwior,DEF,Arsenal,90,2,0,0,0,22.4,5.3,0.0,2.8,49,False,17,2025-05-25T15:00:00Z,38,38,3.0,90.0,22.866666666666664,3.179901741963424,4.9,Jakub Kiwior
Bukayo Saka,MID,Arsenal,27,1,0,0,0,6.6,23.3,16.0,4.6,104,False,17,2025-05-25T15:00:00Z,38,38,2.3333333333333335,82.33333333333333,11.0,3.0598604135018723,10.4,Bukayo Saka
Callum Hudson-Odoi,MID,Nott'm Forest,33,1,0,0,0,2.8,6.3,4.0,1.3,51,True,6,2025-05-25T15:00:00Z,38,38,1.0,28.0,5.066666666666666,2.05910159763813,5.1,Callum Hudson-Odoi
Jean-Philippe Mateta,FWD,Crystal Palace,61,2,0,0,0,4.2,0.2,16.0,2.0,75,False,12,2025-05-25T15:00:00Z,38,38,1.3333333333333333,47.666666666666664,6.533333333333332,2.8977537011915335,7.5,Jean-Philippe Mateta
Tom Cairney,MID,Fulham,72,2,0,0,0,7.8,11.6,9.0,2.8,48,True,13,2025-05-25T15:00:00Z,38,38,2.6666666666666665,21.666666666666668,15.333333333333334,2.24189759854854,4.8,Tom Cairney
Jarrod Bowen,MID,West Ham,90,13,1,1,3,66.8,27.9,31.0,12.6,79,False,10,2025-05-25T15:00:00Z,38,38,8.333333333333334,84.0,36.73333333333334,8.738773416911041,7.9,Jarrod Bowen
Tino Livramento,DEF,Newcastle,90,2,0,0,0,17.8,22.6,4.0,4.4,46,True,8,2025-05-25T15:00:00Z,38,38,3.6666666666666665,90.0,16.333333333333332,3.1808796875502554,4.6,Tino Livramento
Oleksandr Zinchenko,DEF,Arsenal,69,2,0,0,0,21.0,28.1,13.0,6.2,48,False,17,2025-05-25T15:00:00Z,38,38,4.333333333333333,32.0,11.866666666666667,2.2961092917152177,4.8,Oleksandr Zinchenko
Chris Wood,FWD,Nott'm Forest,90,2,0,0,0,0.0,3.9,24.0,2.4,72,True,6,2025-05-25T15:00:00Z,38,38,4.0,90.0,16.666666666666668,3.920134589081763,7.2,Chris Wood
Christian Eriksen,MID,Man Utd,24,6,1,0,0,41.8,35.2,21.0,9.8,52,False,2,2025-05-25T15:00:00Z,38,38,2.0,13.666666666666666,12.333333333333334,3.1129120027581623,5.2,Christian Eriksen
Christian Nørgaard,MID,Brentford,90,8,0,1,3,36.8,14.3,26.0,7.7,48,True,20,2025-05-25T15:00:00Z,38,38,3.6666666666666665,90.0,19.066666666666666,3.322638262817399,4.8,Christian Nørgaard
Noni Madueke,MID,Chelsea,85,3,0,0,0,7.2,7.2,6.0,2.0,60,True,16,2025-05-25T15:00:00Z,38,38,2.0,75.0,4.133333333333334,2.5765758594423964,6.0,Noni Madueke
Nikola Milenković,DEF,Nott'm Forest,90,2,0,0,0,21.6,10.5,7.0,3.9,52,False,6,2025-05-25T15:00:00Z,38,38,3.6666666666666665,90.0,29.599999999999994,3.3387203506646648,5.2,Nikola Milenković
Christian Walton,GK,Ipswich,90,2,0,0,0,23.8,0.0,0.0,2.4,43,True,19,2025-05-25T15:00:00Z,38,38,0.6666666666666666,90.0,21.666666666666668,2.5133287857603968,4.3,Christian Walton
Will Hughes,MID,Crystal Palace,78,3,0,0,0,15.4,12.0,9.0,3.6,49,False,12,2025-05-25T15:00:00Z,38,38,1.6666666666666667,53.333333333333336,3.4,2.061264681914758,4.9,Will Hughes
Claudio Echeverri,MID,Man City,5,1,0,0,0,2.2,0.4,0.0,0.3,58,True,9,2025-05-25T15:00:00Z,38,38,,,,3.31913297824565,5.8,Claudio Echeverri
Cody Gakpo,FWD,Liverpool,90,7,0,1,2,23.4,35.6,27.0,8.6,72,False,7,2025-05-25T15:00:00Z,38,38,4.333333333333333,72.33333333333333,15.6,3.277037099753557,7.2,Cody Gakpo
Omar Marmoush,FWD,Man City,81,2,0,0,0,2.4,12.8,26.0,4.1,74,True,9,2025-05-25T15:00:00Z,38,38,3.6666666666666665,59.333333333333336,11.066666666666668,4.245798043464452,7.4,Omar Marmoush
Wilson Odobert,MID,Spurs,45,1,0,0,0,2.6,0.3,0.0,0.3,53,False,5,2025-05-25T15:00:00Z,38,38,4.666666666666667,88.66666666666667,17.866666666666667,3.9469228125753677,5.3,Wilson Odobert
Bruno Guimarães Rodriguez Moura,MID,Newcastle,90,2,0,0,0,7.8,28.9,11.0,4.8,62,True,8,2025-05-25T15:00:00Z,38,38,3.6666666666666665,90.0,26.2,3.51689851376951,6.2,Bruno Guimarães Rodriguez Moura
Simon Adingra,MID,Brighton,45,1,0,0,0,0.0,5.1,12.0,1.4,51,False,18,2025-05-25T15:00:00Z,38,38,3.0,54.333333333333336,8.666666666666666,2.067228611512778,5.1,Simon Adingra
Marcus Tavernier,MID,Bournemouth,90,4,0,0,1,24.8,71.4,28.0,12.4,54,True,11,2025-05-25T15:00:00Z,38,38,2.6666666666666665,90.0,6.466666666666669,3.4011028635893332,5.4,Marcus Tavernier
Mateus Gonçalo Espanha Fernandes,MID,Southampton,90,6,0,1,1,33.6,49.1,4.0,8.7,50,False,1,2025-05-25T15:00:00Z,38,38,2.0,78.66666666666667,13.133333333333328,2.5825129051839117,5.0,Mateus Gonçalo Espanha Fernandes
Matheus França de Oliveira,MID,Crystal Palace,1,1,0,0,0,0.0,0.3,1.0,0.0,44,True,12,2025-05-25T15:00:00Z,38,38,2.6666666666666665,17.0,16.133333333333333,2.256680271800434,4.4,Matheus França de Oliveira
Jacob Ramsey,MID,Aston Villa,27,1,0,0,0,0.0,0.8,4.0,0.5,54,False,14,2025-05-25T15:00:00Z,38,38,2.0,56.333333333333336,4.933333333333334,2.028621504307215,5.4,Jacob Ramsey
Jadon Sancho,MID,Chelsea,61,3,0,0,0,9.8,14.3,0.0,2.4,62,True,16,2025-05-25T15:00:00Z,38,38,0.6666666666666666,15.0,3.3333333333333335,2.4237701482366374,6.2,Jadon Sancho
Cole Palmer,MID,Chelsea,90,3,0,0,0,17.0,28.0,25.0,7.0,105,False,16,2025-05-25T15:00:00Z,38,38,4.666666666666667,90.0,25.533333333333342,4.075689026721893,10.5,Cole Palmer
Conor Chaplin,MID,Ipswich,69,2,0,0,0,1.0,4.3,13.0,1.8,51,False,19,2025-05-25T15:00:00Z,38,38,1.0,47.333333333333336,2.6666666666666665,2.879165726835467,5.1,Conor Chaplin
Rúben Gato Alves Dias,DEF,Man City,90,7,0,0,1,32.6,2.7,0.0,3.5,55,True,9,2025-05-25T15:00:00Z,38,38,6.0,90.0,20.066666666666666,3.551713124701038,5.5,Rúben Gato Alves Dias
Brajan Gruda,MID,Brighton,75,2,0,0,0,7.4,53.4,10.0,7.1,54,False,18,2025-05-25T15:00:00Z,38,38,4.333333333333333,34.666666666666664,21.8,2.2217988507517603,5.4,Brajan Gruda
Brennan Johnson,MID,Spurs,90,2,0,0,0,0.2,0.3,10.0,1.1,62,True,5,2025-05-25T15:00:00Z,38,38,1.3333333333333333,38.666666666666664,0.13333333333333808,3.6066866173733727,6.2,Brennan Johnson
Bruno Borges Fernandes,MID,Man Utd,90,7,0,1,1,31.2,55.6,31.0,11.8,84,False,2,2025-05-25T15:00:00Z,38,38,2.3333333333333335,86.66666666666667,18.73333333333333,3.878554166671463,8.4,Bruno Borges Fernandes
Joachim Andersen,DEF,Fulham,90,1,0,0,0,27.4,10.5,0.0,3.8,42,True,13,2025-05-25T15:00:00Z,38,38,1.0,90.0,18.26666666666667,2.0760614793936805,4.2,Joachim Andersen
Jean-Ricner Bellegarde,MID,Wolves,3,1,0,0,0,0.2,0.5,0.0,0.1,49,False,4,2025-05-25T15:00:00Z,38,38,2.6666666666666665,61.666666666666664,12.6,2.2781184569306685,4.9,Jean-Ricner Bellegarde
Ollie Watkins,FWD,Aston Villa,90,2,0,0,0,0.6,3.8,6.0,1.0,92,True,14,2025-05-25T15:00:00Z,38,38,5.333333333333333,81.66666666666667,20.733333333333334,3.4699422414160694,9.2,Ollie Watkins
Tosin Adarabioyo,DEF,Chelsea,90,6,0,0,1,27.0,0.6,0.0,2.8,42,False,16,2025-05-25T15:00:00Z,38,38,3.0,45.333333333333336,9.400000000000002,3.28908931603039,4.2,Tosin Adarabioyo
Jacob Murphy,MID,Newcastle,69,2,0,0,0,2.8,4.2,4.0,1.1,52,False,8,2025-05-25T15:00:00Z,38,38,2.6666666666666665,69.0,18.400000000000002,2.6014972777307257,5.2,Jacob Murphy
Dan Burn,DEF,Newcastle,90,2,0,0,0,30.8,2.4,0.0,3.3,46,True,8,2025-05-25T15:00:00Z,38,38,4.666666666666667,90.0,25.2,3.2591375120162827,4.6,Dan Burn
Matheus Luiz Nunes,MID,Man City,90,6,0,1,0,17.6,17.3,29.0,6.4,49,True,9,2025-05-25T15:00:00Z,38,38,5.333333333333333,90.0,26.2,3.4738979271455066,4.9,Matheus Luiz Nunes
Boubacar Kamara,MID,Aston Villa,83,2,0,0,0,1.6,1.1,0.0,0.3,50,True,14,2025-05-25T15:00:00Z,38,38,5.333333333333333,90.0,20.133333333333333,2.860749974248198,5.0,Boubacar Kamara
Marco Asensio,MID,Aston Villa,45,1,0,0,0,2.0,11.1,0.0,1.3,60,False,14,2025-05-25T15:00:00Z,38,38,2.0,72.66666666666667,6.066666666666666,2.5947982465394284,6.0,Marco Asensio
Marcos Senesi,DEF,Bournemouth,77,6,0,0,0,17.4,2.7,6.0,2.6,46,True,11,2025-05-25T15:00:00Z,38,38,0.6666666666666666,21.333333333333332,4.3999999999999995,2.0702766836861786,4.6,Marcos Senesi
Bryan Mbeumo,MID,Brentford,90,8,1,0,1,50.8,33.3,26.0,11.0,83,False,20,2025-05-25T15:00:00Z,38,38,5.333333333333333,90.0,29.266666666666662,5.3198090160185245,8.3,Bryan Mbeumo
Matheus Santos Carneiro Da Cunha,FWD,Wolves,90,2,0,0,0,13.8,17.7,59.0,9.1,70,True,4,2025-05-25T15:00:00Z,38,38,1.0,55.0,2.466666666666667,3.646305350295734,7.0,Matheus Santos Carneiro Da Cunha
Jack Hinshelwood,MID,Brighton,90,15,2,0,3,73.4,15.8,105.0,19.4,49,False,18,2025-05-25T15:00:00Z,38,38,3.3333333333333335,25.0,12.466666666666663,7.692180551489469,4.9,Jack Hinshelwood
Jack Clarke,MID,Ipswich,20,1,0,0,0,4.6,11.1,16.0,3.2,54,True,19,2025-05-25T15:00:00Z,38,38,1.3333333333333333,41.666666666666664,3.9333333333333336,2.180000597316311,5.4,Jack Clarke
Jack Harrison,MID,Everton,90,3,0,0,0,3.4,0.9,6.0,1.0,52,False,15,2025-05-25T15:00:00Z,38,38,1.3333333333333333,32.333333333333336,5.0666666666666655,2.146241616740352,5.2,Jack Harrison
Nico González,MID,Man City,90,3,0,0,0,12.6,6.7,9.0,2.8,60,False,9,2025-05-25T15:00:00Z,38,38,3.3333333333333335,33.0,15.066666666666668,3.2534330253998083,6.0,Nico González
Bernd Leno,GK,Fulham,90,2,0,0,0,24.0,0.0,0.0,2.4,50,True,13,2025-05-25T15:00:00Z,38,38,3.3333333333333335,90.0,33.733333333333334,3.269975594301069,5.0,Bernd Leno
Ryan Gravenberch,MID,Liverpool,67,-1,0,0,0,3.4,17.8,2.0,2.3,50,False,7,2025-05-25T15:00:00Z,38,38,3.0,87.33333333333333,13.133333333333333,3.0333766457779,5.0,Ryan Gravenberch
Jordan Pickford,GK,Everton,90,11,0,0,3,41.2,0.0,0.0,4.1,52,True,15,2025-05-25T15:00:00Z,38,38,3.6666666666666665,90.0,25.333333333333332,3.400784921527208,5.2,Jordan Pickford
Marc Cucurella Saseta,DEF,Chelsea,90,8,0,0,2,25.6,3.6,0.0,2.9,54,False,16,2025-05-25T15:00:00Z,38,38,6.0,90.0,28.933333333333337,3.836494838993625,5.4,Marc Cucurella Saseta
Omari Giraud-Hutchinson,MID,Ipswich,90,2,0,0,0,10.4,8.5,41.0,6.0,52,True,19,2025-05-25T15:00:00Z,38,38,3.0,90.0,13.133333333333333,3.163587811459505,5.2,Omari Giraud-Hutchinson
Nicolás Domínguez,MID,Nott'm Forest,67,2,0,0,0,10.0,7.4,2.0,1.9,48,False,6,2025-05-25T15:00:00Z,38,38,1.6666666666666667,76.0,12.733333333333334,2.3581592481856997,4.8,Nicolás Domínguez
Curtis Jones,MID,Liverpool,90,2,0,0,0,16.0,20.5,4.0,4.1,53,True,7,2025-05-25T15:00:00Z,38,38,1.6666666666666667,61.0,11.399999999999999,2.196307936396002,5.3,Curtis Jones
Daichi Kamada,MID,Crystal Palace,90,2,0,0,0,6.8,5.3,2.0,1.4,51,False,12,2025-05-25T15:00:00Z,38,38,1.0,44.666666666666664,6.599999999999999,2.3655846067415967,5.1,Daichi Kamada
Mathys Tel,MID,Spurs,82,5,0,1,0,16.4,12.4,30.0,5.9,58,True,5,2025-05-25T15:00:00Z,38,38,2.3333333333333335,90.0,16.333333333333332,3.6153919970322046,5.8,Mathys Tel
Mats Wieffer,MID,Brighton,90,2,0,0,0,19.0,28.0,8.0,5.5,47,False,18,2025-05-25T15:00:00Z,38,38,3.3333333333333335,77.66666666666667,26.46666666666667,2.4366305546931186,4.7,Mats Wieffer
Illia Zabarnyi,DEF,Bournemouth,90,11,0,1,2,29.6,12.3,9.0,5.1,44,True,11,2025-05-25T15:00:00Z,38,38,1.3333333333333333,89.0,18.866666666666667,3.732369107835082,4.4,Illia Zabarnyi
Ismaïla Sarr,MID,Crystal Palace,90,9,1,0,2,44.0,10.9,34.0,8.9,55,False,12,2025-05-25T15:00:00Z,38,38,4.333333333333333,76.33333333333333,19.599999999999998,4.703201685752364,5.5,Ismaïla Sarr
Nick Pope,GK,Newcastle,90,3,0,0,0,32.0,0.0,0.0,3.2,50,True,8,2025-05-25T15:00:00Z,38,38,4.0,90.0,18.733333333333338,3.087189812664795,5.0,Nick Pope
Niclas Füllkrug,FWD,West Ham,72,2,0,0,0,9.6,16.4,19.0,4.5,67,False,10,2025-05-25T15:00:00Z,38,38,1.3333333333333333,42.666666666666664,2.1333333333333333,2.2795961021671762,6.7,Niclas Füllkrug
Yankuba Minteh,MID,Brighton,90,2,0,0,0,14.4,35.2,44.0,9.4,48,False,18,2025-05-25T15:00:00Z,38,38,4.666666666666667,84.0,17.53333333333333,3.392994402782692,4.8,Yankuba Minteh
Manuel Akanji,DEF,Man City,90,6,0,0,0,9.6,1.7,9.0,2.0,53,False,9,2025-05-25T15:00:00Z,38,38,3.0,70.66666666666667,12.733333333333333,3.4602003924291047,5.3,Manuel Akanji
John McGinn,MID,Aston Villa,61,3,0,0,0,0.0,3.1,7.0,0.9,52,True,14,2025-05-25T15:00:00Z,38,38,3.3333333333333335,56.333333333333336,10.666666666666666,2.50312612417745,5.2,John McGinn
Jordan Ayew,MID,Leicester,90,2,0,0,0,2.6,6.2,13.0,2.2,51,True,3,2025-05-25T15:00:00Z,38,38,4.333333333333333,64.0,18.533333333333328,2.4202478940603,5.1,Jordan Ayew
Bernardo Veiga de Carvalho e Silva,MID,Man City,90,3,0,0,0,16.0,39.3,6.0,6.1,61,True,9,2025-05-25T15:00:00Z,38,38,5.666666666666667,90.0,27.200000000000006,3.855442111963646,6.1,Bernardo Veiga de Carvalho e Silva
Daniel Muñoz,DEF,Crystal Palace,90,2,0,0,0,17.0,0.8,2.0,2.0,52,True,12,2025-05-25T15:00:00Z,38,38,4.333333333333333,90.0,27.066666666666666,3.2430413777478195,5.2,Daniel Muñoz
Toti António Gomes,DEF,Wolves,90,2,0,0,0,10.8,1.7,2.0,1.5,43,True,4,2025-05-25T15:00:00Z,38,38,0.6666666666666666,90.0,23.8,3.2087541458989133,4.3,Toti António Gomes
Iliman Ndiaye,FWD,Everton,75,2,0,0,0,13.6,3.3,7.0,2.4,52,True,15,2025-05-25T15:00:00Z,38,38,5.333333333333333,64.33333333333333,28.46666666666667,2.529543612797757,5.2,Iliman Ndiaye
Ilkay Gündogan,MID,Man City,84,14,1,1,3,49.0,74.2,41.0,16.4,63,False,9,2025-05-25T15:00:00Z,38,38,3.6666666666666665,87.66666666666667,12.199999999999998,5.5822431624869555,6.3,Ilkay Gündogan
Saša Lukić,MID,Fulham,85,2,0,0,0,3.2,6.3,2.0,1.2,48,True,13,2025-05-25T15:00:00Z,38,38,1.6666666666666667,75.0,9.600000000000001,2.382392540646291,4.8,Saša Lukić
Neco Williams,DEF,Nott'm Forest,90,2,0,0,0,8.6,5.3,2.0,1.6,45,False,6,2025-05-25T15:00:00Z,38,38,3.3333333333333335,90.0,31.866666666666664,3.3651359726201324,4.5,Neco Williams
Sam Morsy,MID,Ipswich,87,2,0,0,0,6.6,4.7,8.0,1.9,48,True,19,2025-05-25T15:00:00Z,38,38,1.6666666666666667,81.33333333333333,12.06666666666667,2.308045107889493,4.8,Sam Morsy
David Brooks,MID,Bournemouth,62,3,0,0,0,10.6,29.8,59.0,9.9,49,False,11,2025-05-25T15:00:00Z,38,38,1.0,27.0,5.199999999999999,2.1118624609328416,4.9,David Brooks
Ben Davies,DEF,Spurs,24,-1,0,0,0,5.4,0.0,0.0,0.5,43,True,5,2025-05-25T15:00:00Z,38,38,1.0,90.0,20.066666666666666,2.236749453018129,4.3,Ben Davies
José Malheiro de Sá,GK,Wolves,90,4,0,0,0,47.8,10.0,0.0,5.8,44,False,4,2025-05-25T15:00:00Z,38,38,5.0,90.0,17.13333333333333,3.1685779314725973,4.4,José Malheiro de Sá
Pape Matar Sarr,MID,Spurs,45,1,0,0,0,1.6,1.4,0.0,0.3,47,False,5,2025-05-25T15:00:00Z,38,38,1.6666666666666667,77.33333333333333,10.533333333333333,2.041043961507402,4.7,Pape Matar Sarr
Matt Doherty,DEF,Wolves,86,2,0,0,0,19.4,11.5,0.0,3.1,43,False,4,2025-05-25T15:00:00Z,38,38,3.0,68.33333333333333,8.6,2.272688330118144,4.3,Matt Doherty
Matt O'Riley,MID,Brighton,14,6,1,0,0,35.4,14.2,17.0,6.7,55,True,18,2025-05-25T15:00:00Z,38,38,2.3333333333333335,55.0,9.333333333333334,2.7668635562542345,5.5,Matt O'Riley
Ibrahima Konaté,DEF,Liverpool,61,2,0,0,0,15.8,4.3,0.0,2.0,53,False,7,2025-05-25T15:00:00Z,38,38,1.3333333333333333,90.0,9.800000000000002,2.7772318408033696,5.3,Ibrahima Konaté
Idrissa Gueye,MID,Everton,90,2,0,0,0,6.6,2.4,0.0,0.9,48,True,15,2025-05-25T15:00:00Z,38,38,2.3333333333333335,89.66666666666667,12.600000000000001,2.8131190575039646,4.8,Idrissa Gueye
David Raya Martin,GK,Arsenal,90,2,0,0,0,11.0,0.0,0.0,1.1,56,False,17,2025-05-25T15:00:00Z,38,38,3.3333333333333335,90.0,19.666666666666668,3.9623439980001725,5.6,David Raya Martin
Dean Henderson,GK,Crystal Palace,90,2,0,0,0,19.2,10.0,0.0,2.9,46,True,12,2025-05-25T15:00:00Z,38,38,3.3333333333333335,90.0,15.200000000000003,3.033586224287762,4.6,Dean Henderson
Nathan Collins,DEF,Brentford,90,2,0,0,0,17.6,0.1,2.0,2.0,46,False,20,2025-05-25T15:00:00Z,38,38,3.3333333333333335,90.0,23.066666666666666,3.1646635949594333,4.6,Nathan Collins
Pedro Lomba Neto,MID,Chelsea,77,6,0,1,0,12.6,13.4,13.0,3.9,61,False,16,2025-05-25T15:00:00Z,38,38,3.3333333333333335,90.0,11.666666666666664,3.7375377895232362,6.1,Pedro Lomba Neto
Yasin Ayari,MID,Brighton,45,1,0,0,0,3.8,17.0,5.0,2.6,50,True,18,2025-05-25T15:00:00Z,38,38,4.333333333333333,61.333333333333336,14.266666666666667,2.332802839564972,5.0,Yasin Ayari
Joël Veltman,DEF,Brighton,31,0,0,0,0,3.8,3.3,0.0,0.7,43,False,18,2025-05-25T15:00:00Z,38,38,2.0,67.0,8.066666666666666,2.0661089981306766,4.3,Joël Veltman
Joško Gvardiol,DEF,Man City,90,8,0,0,2,17.4,12.3,37.0,6.7,65,True,9,2025-05-25T15:00:00Z,38,38,5.333333333333333,90.0,13.799999999999999,3.918631062271587,6.5,Joško Gvardiol
Benjamin White,DEF,Arsenal,90,5,0,1,0,31.4,33.5,6.0,7.1,62,False,17,2025-05-25T15:00:00Z,38,38,2.6666666666666665,84.0,16.8,4.0226049183953325,6.2,Benjamin White
Bart Verbruggen,GK,Brighton,90,2,0,0,0,12.4,0.0,0.0,1.2,45,True,18,2025-05-25T15:00:00Z,38,38,4.333333333333333,90.0,27.933333333333334,3.369966500205205,4.5,Bart Verbruggen
Archie Gray,MID,Spurs,90,2,0,0,0,15.0,14.5,0.0,3.0,46,False,5,2025-05-25T15:00:00Z,38,38,1.6666666666666667,90.0,6.599999999999999,2.637216416988851,4.6,Archie Gray
Ashley Young,DEF,Everton,90,5,0,0,0,13.6,24.8,0.0,3.8,42,True,15,2025-05-25T15:00:00Z,38,38,3.3333333333333335,56.666666666666664,14.266666666666666,2.9601050671147364,4.2,Ashley Young
Jérémy Doku,MID,Man City,73,3,0,0,0,0.6,13.8,39.0,5.3,62,False,9,2025-05-25T15:00:00Z,38,38,2.6666666666666665,45.333333333333336,13.866666666666665,2.391450653359939,6.2,Jérémy Doku
Thomas Partey,MID,Arsenal,90,2,0,0,0,24.4,17.6,7.0,4.9,49,True,17,2025-05-25T15:00:00Z,38,38,2.3333333333333335,90.0,14.466666666666663,2.7131877441694234,4.9,Thomas Partey
Luke Thomas,DEF,Leicester,71,5,0,0,0,14.2,15.2,0.0,2.9,39,True,3,2025-05-25T15:00:00Z,38,38,4.0,85.33333333333333,11.466666666666667,3.3363198709592616,3.9,Luke Thomas
Paul Onuachu,FWD,Southampton,20,1,0,0,0,1.2,2.3,2.0,0.6,49,True,1,2025-05-25T15:00:00Z,38,38,1.0,52.666666666666664,3.4666666666666663,2.411353942833343,4.9,Paul Onuachu
Trent Alexander-Arnold,DEF,Liverpool,45,1,0,0,0,8.6,29.6,1.0,3.9,72,False,7,2025-05-25T15:00:00Z,38,38,2.0,51.333333333333336,5.933333333333329,2.496345625561842,7.2,Trent Alexander-Arnold
Harvey Elliott,MID,Liverpool,5,1,0,0,0,0.4,0.4,0.0,0.1,52,True,7,2025-05-25T15:00:00Z,38,38,5.333333333333333,55.0,23.933333333333334,2.4263311193154973,5.2,Harvey Elliott
Ian Maatsen,DEF,Aston Villa,90,1,0,0,0,0.0,1.1,2.0,0.3,45,False,14,2025-05-25T15:00:00Z,38,38,4.333333333333333,53.666666666666664,5.8,2.0079946194570337,4.5,Ian Maatsen
Myles Lewis-Skelly,MID,Arsenal,20,1,0,0,0,3.0,1.3,2.0,0.6,45,False,17,2025-05-25T15:00:00Z,38,38,2.0,90.0,10.6,2.3389297115234813,4.5,Myles Lewis-Skelly
Nathan Broadhead,MID,Ipswich,77,8,1,0,1,41.4,14.7,24.0,8.0,49,True,19,2025-05-25T15:00:00Z,38,38,1.6666666666666667,32.333333333333336,2.4,2.2953250032790407,4.9,Nathan Broadhead
Dean Huijsen,DEF,Bournemouth,12,4,0,1,0,19.4,10.8,0.0,3.0,45,False,11,2025-05-25T15:00:00Z,38,38,3.0,90.0,34.800000000000004,3.110528651486216,4.5,Dean Huijsen
Declan Rice,MID,Arsenal,90,2,0,0,0,24.2,41.6,25.0,9.1,63,True,17,2025-05-25T15:00:00Z,38,38,7.0,84.33333333333333,31.666666666666668,3.6913304268983747,6.3,Declan Rice
Destiny Udogie,DEF,Spurs,90,0,0,0,0,7.4,0.9,0.0,0.8,48,False,5,2025-05-25T15:00:00Z,38,38,0.3333333333333333,90.0,19.73333333333333,2.741311484678241,4.8,Destiny Udogie
Tyler Adams,MID,Bournemouth,90,3,0,0,0,11.2,13.3,2.0,2.7,49,True,11,2025-05-25T15:00:00Z,38,38,2.0,85.0,11.066666666666665,2.516113358895566,4.9,Tyler Adams
Harry Wilson,MID,Fulham,60,2,0,0,0,13.6,0.8,44.0,5.8,52,False,13,2025-05-25T15:00:00Z,38,38,3.3333333333333335,54.333333333333336,19.2,2.450954420328666,5.2,Harry Wilson
Harvey Barnes,MID,Newcastle,87,2,0,0,0,2.0,16.3,19.0,3.7,59,True,8,2025-05-25T15:00:00Z,38,38,2.3333333333333335,85.0,9.399999999999999,3.4956471964724614,5.9,Harvey Barnes
Matty Cash,DEF,Aston Villa,90,1,0,0,0,21.6,2.1,21.0,4.5,44,False,14,2025-05-25T15:00:00Z,38,38,6.0,90.0,14.6,2.8062647547250514,4.4,Matty Cash
Dominic Solanke-Mitchell,FWD,Spurs,65,7,1,0,1,45.2,0.3,17.0,6.3,73,True,5,2025-05-25T15:00:00Z,38,38,2.6666666666666665,35.333333333333336,11.466666666666667,4.147457748233164,7.3,Dominic Solanke-Mitchell
Diogo Dalot Teixeira,DEF,Man Utd,25,1,0,0,0,0.0,1.8,3.0,0.4,50,True,2,2025-05-25T15:00:00Z,38,38,3.0,70.33333333333333,18.06666666666667,2.512466746566215,5.0,Diogo Dalot Teixeira
Yehor Yarmoliuk,MID,Brentford,90,2,0,0,0,15.2,4.8,0.0,2.0,43,True,20,2025-05-25T15:00:00Z,38,38,2.0,77.0,13.333333333333334,2.22206431791974,4.3,Yehor Yarmoliuk
Luis Díaz,MID,Liverpool,68,2,0,0,0,11.0,13.0,25.0,4.9,75,False,7,2025-05-25T15:00:00Z,38,38,5.333333333333333,60.0,25.133333333333336,2.608588902918933,7.5,Luis Díaz
Justin Devenny,MID,Crystal Palace,28,1,0,0,0,10.4,0.7,17.0,2.8,45,True,12,2025-05-25T15:00:00Z,38,38,2.0,42.333333333333336,10.533333333333333,2.095213042230563,4.5,Justin Devenny
Justin Kluivert,MID,Bournemouth,90,3,0,0,0,5.0,9.0,23.0,3.7,59,False,11,2025-05-25T15:00:00Z,38,38,1.3333333333333333,51.333333333333336,0.8000000000000002,2.8410999176996614,5.9,Justin Kluivert
Ayden Heaven,DEF,Man Utd,65,8,0,0,2,15.2,12.2,8.0,3.5,40,False,2,2025-05-25T15:00:00Z,38,38,0.6666666666666666,34.666666666666664,9.4,3.070790743889085,4.0,Ayden Heaven
Antonee Robinson,DEF,Fulham,90,1,0,0,0,23.0,1.5,4.0,2.9,47,True,13,2025-05-25T15:00:00Z,38,38,1.3333333333333333,89.33333333333333,27.8,3.0766154440624485,4.7,Antonee Robinson
Anthony Elanga,MID,Nott'm Forest,90,2,0,0,0,8.4,22.1,30.0,6.1,55,False,6,2025-05-25T15:00:00Z,38,38,4.666666666666667,90.0,21.066666666666666,3.4487441827498224,5.5,Anthony Elanga
Jørgen Strand Larsen,FWD,Wolves,25,4,0,1,0,20.2,10.6,2.0,3.3,52,True,4,2025-05-25T15:00:00Z,38,38,6.0,57.666666666666664,27.400000000000002,2.6798553223543427,5.2,Jørgen Strand Larsen
Kai Havertz,FWD,Arsenal,19,1,0,0,0,0.2,11.9,8.0,2.0,77,False,17,2025-05-25T15:00:00Z,38,38,4.666666666666667,64.33333333333333,20.999999999999996,2.6887803363103195,7.7,Kai Havertz
Lucas Tolentino Coelho de Lima,MID,West Ham,10,1,0,0,0,1.8,1.2,0.0,0.3,57,True,10,2025-05-25T15:00:00Z,38,38,1.0,67.0,9.066666666666666,3.1186827733687936,5.7,Lucas Tolentino Coelho de Lima
Pedro Porro,DEF,Spurs,90,-1,0,0,0,10.8,10.6,0.0,2.1,52,False,5,2025-05-25T15:00:00Z,38,38,2.0,79.0,31.533333333333335,2.3629947819481085,5.2,Pedro Porro
Phil Foden,MID,Man City,8,1,0,0,0,2.2,0.3,2.0,0.5,91,True,9,2025-05-25T15:00:00Z,38,38,1.6666666666666667,46.0,1.8,3.0614480052845154,9.1,Phil Foden
Anthony Gordon,MID,Newcastle,45,1,0,0,0,0.2,1.9,1.0,0.3,74,True,8,2025-05-25T15:00:00Z,38,38,2.0,62.666666666666664,1.6666666666666694,4.279592710631683,7.4,Anthony Gordon
Djed Spence,DEF,Spurs,7,0,0,0,0,0.0,0.3,0.0,0.0,44,False,5,2025-05-25T15:00:00Z,38,38,1.3333333333333333,90.0,17.866666666666667,3.0229377185369777,4.4,Djed Spence
Murillo Santiago Costa dos Santos,DEF,Nott'm Forest,90,2,0,0,0,13.6,11.5,7.0,3.2,47,True,6,2025-05-25T15:00:00Z,38,38,4.0,86.66666666666667,36.333333333333336,2.7216995446402876,4.7,Murillo Santiago Costa dos Santos
Matz Sels,GK,Nott'm Forest,90,2,0,0,0,14.4,10.1,0.0,2.5,52,False,6,2025-05-25T15:00:00Z,38,38,2.0,90.0,25.0,3.218958956292023,5.2,Matz Sels
Harry Maguire,DEF,Man Utd,90,6,0,0,0,16.6,1.3,2.0,2.0,49,True,2,2025-05-25T15:00:00Z,38,38,1.0,61.0,8.666666666666663,2.132934113720143,4.9,Harry Maguire
Morgan Gibbs-White,MID,Nott'm Forest,90,2,0,0,0,5.4,6.6,4.0,1.6,65,False,6,2025-05-25T15:00:00Z,38,38,8.333333333333334,87.66666666666667,37.26666666666667,3.411230080956403,6.5,Morgan Gibbs-White
Morgan Rogers,MID,Aston Villa,83,1,0,0,0,1.6,4.8,2.0,0.8,58,True,14,2025-05-25T15:00:00Z,38,38,5.0,89.33333333333333,23.066666666666663,3.3036098423395326,5.8,Morgan Rogers
Vitalii Mykolenko,DEF,Everton,90,9,0,1,1,32.2,29.2,0.0,6.1,44,True,15,2025-05-25T15:00:00Z,38,38,5.333333333333333,90.0,25.53333333333333,3.335641844720837,4.4,Vitalii Mykolenko
Amadou Onana,MID,Aston Villa,62,3,0,0,0,7.8,11.3,2.0,2.1,48,True,14,2025-05-25T15:00:00Z,38,38,2.3333333333333335,68.66666666666667,14.333333333333334,2.197821841596166,4.8,Amadou Onana
Andreas Hoelgebaum Pereira,MID,Fulham,60,2,0,0,0,0.0,13.6,17.0,3.0,49,False,13,2025-05-25T15:00:00Z,38,38,1.6666666666666667,69.33333333333333,0.7333333333333334,2.3786425336290407,4.9,Andreas Hoelgebaum Pereira
Kepa Arrizabalaga,GK,Bournemouth,90,6,0,0,0,3.6,0.0,0.0,0.4,46,True,11,2025-05-25T15:00:00Z,38,38,2.0,90.0,22.86666666666667,3.0007709560117775,4.6,Kepa Arrizabalaga
Kamaldeen Sulemana,MID,Southampton,78,2,0,0,0,12.4,2.3,17.0,3.2,50,False,1,2025-05-25T15:00:00Z,38,38,1.3333333333333333,67.33333333333333,6.6000000000000005,2.1090341300391073,5.0,Kamaldeen Sulemana
Kasey McAteer,MID,Leicester,85,2,0,0,0,10.0,3.0,6.0,1.9,47,True,3,2025-05-25T15:00:00Z,38,38,4.0,79.33333333333333,22.46666666666667,2.557738786445415,4.7,Kasey McAteer
Keane Lewis-Potter,MID,Brentford,90,2,0,0,0,15.8,17.0,6.0,3.9,50,False,20,2025-05-25T15:00:00Z,38,38,2.0,81.66666666666667,8.733333333333334,2.9698847394208907,5.0,Keane Lewis-Potter
Antoine Semenyo,MID,Bournemouth,90,16,2,0,3,64.6,7.2,45.0,11.7,57,True,11,2025-05-25T15:00:00Z,38,38,2.6666666666666665,68.33333333333333,10.066666666666666,6.239994568053771,5.7,Antoine Semenyo
André Trindade da Costa Neto,MID,Wolves,90,2,0,0,0,11.6,23.6,1.0,3.6,50,False,4,2025-05-25T15:00:00Z,38,38,1.6666666666666667,70.66666666666667,14.466666666666663,2.16308358290078,5.0,André Trindade da Costa Neto
Max Kilman,DEF,West Ham,90,1,0,0,0,18.2,1.8,0.0,2.0,43,False,10,2025-05-25T15:00:00Z,38,38,3.0,90.0,18.2,2.020269813778701,4.3,Max Kilman
Maxence Lacroix,DEF,Crystal Palace,90,2,0,0,0,39.8,17.0,0.0,5.7,45,True,12,2025-05-25T15:00:00Z,38,38,3.0,90.0,15.466666666666663,2.9004579935228656,4.5,Maxence Lacroix
Guglielmo Vicario,GK,Spurs,90,1,0,0,0,36.4,0.0,0.0,3.6,48,False,5,2025-05-25T15:00:00Z,38,38,1.0,90.0,9.666666666666671,2.32116287880726,4.8,Guglielmo Vicario
Eddie Nketiah,FWD,Crystal Palace,28,1,0,0,0,2.0,0.1,17.0,1.9,59,True,12,2025-05-25T15:00:00Z,38,38,4.666666666666667,41.333333333333336,24.333333333333332,2.3360231939236065,5.9,Eddie Nketiah
Dominik Szoboszlai,MID,Liverpool,60,2,0,0,0,10.6,25.7,8.0,4.4,61,False,7,2025-05-25T15:00:00Z,38,38,4.333333333333333,58.0,23.400000000000006,2.7708903962179683,6.1,Dominik Szoboszlai
Dwight McNeil,MID,Everton,14,1,0,0,0,4.4,10.2,0.0,1.5,51,False,15,2025-05-25T15:00:00Z,38,38,6.666666666666667,56.666666666666664,25.46666666666667,2.358717729876555,5.1,Dwight McNeil
Gabriel Martinelli Silva,MID,Arsenal,70,2,0,0,0,19.0,42.8,48.0,11.0,65,False,17,2025-05-25T15:00:00Z,38,38,4.0,88.33333333333333,18.333333333333336,3.683102053848643,6.5,Gabriel Martinelli Silva
George Hirst,FWD,Ipswich,69,2,0,0,0,0.0,2.8,6.0,0.7,54,True,19,2025-05-25T15:00:00Z,38,38,2.3333333333333335,40.333333333333336,12.4,2.2352604847320285,5.4,George Hirst
Gonçalo Manuel Ganchinho Guedes,MID,Wolves,64,2,0,0,0,7.8,38.1,16.0,6.2,53,False,4,2025-05-25T15:00:00Z,38,38,1.3333333333333333,52.666666666666664,2.3333333333333357,2.290646199138139,5.3,Gonçalo Manuel Ganchinho Guedes
Mohammed Kudus,MID,West Ham,17,7,1,0,1,36.4,1.0,17.0,5.4,62,True,10,2025-05-25T15:00:00Z,38,38,3.0,80.0,11.000000000000002,3.684132882868852,6.2,Mohammed Kudus
Moisés Caicedo Corozo,MID,Chelsea,90,2,0,0,0,11.6,5.0,0.0,1.7,49,False,16,2025-05-25T15:00:00Z,38,38,3.6666666666666665,90.0,18.0,3.2845456493636793,4.9,Moisés Caicedo Corozo
Virgil van Dijk,DEF,Liverpool,90,1,0,0,0,31.6,5.8,0.0,3.7,67,True,7,2025-05-25T15:00:00Z,38,38,3.0,90.0,32.86666666666667,3.80949157480128,6.7,Virgil van Dijk
Eberechi Eze,MID,Crystal Palace,61,3,0,0,0,5.2,15.2,2.0,2.2,70,False,12,2025-05-25T15:00:00Z,38,38,10.666666666666666,63.0,49.26666666666666,3.2091334974462753,7.0,Eberechi Eze
Altay Bayindir,GK,Man Utd,90,6,0,0,0,13.0,0.0,0.0,1.3,43,True,2,2025-05-25T15:00:00Z,38,38,0.6666666666666666,90.0,22.333333333333332,2.5607778118098357,4.3,Altay Bayindir
Amad Diallo,MID,Man Utd,90,13,1,1,3,43.8,32.5,49.0,12.5,53,False,2,2025-05-25T15:00:00Z,38,38,3.0,72.33333333333333,24.46666666666667,4.285619429332277,5.3,Amad Diallo
Raúl Jiménez,FWD,Fulham,90,2,0,0,0,1.2,0.6,7.0,0.9,53,True,13,2025-05-25T15:00:00Z,38,38,6.666666666666667,90.0,33.13333333333333,3.612108825196034,5.3,Raúl Jiménez
Liam Delap,FWD,Ipswich,20,0,0,0,0,0.0,0.8,10.0,0.6,56,False,19,2025-05-25T15:00:00Z,38,38,1.3333333333333333,49.0,1.4666666666666668,3.1095835676248,5.6,Liam Delap
Kenny Tete,DEF,Fulham,90,1,0,0,0,36.2,0.8,8.0,4.5,44,True,13,2025-05-25T15:00:00Z,38,38,0.6666666666666666,82.0,14.266666666666666,2.3771389935855427,4.4,Kenny Tete
Rasmus Højlund,FWD,Man Utd,80,2,0,0,0,9.4,26.2,29.0,6.5,69,False,2,2025-05-25T15:00:00Z,38,38,4.333333333333333,90.0,12.6,3.6197097080188576,6.9,Rasmus Højlund
Rayan Aït-Nouri,DEF,Wolves,64,2,0,0,0,18.4,40.0,25.0,8.3,51,True,4,2025-05-25T15:00:00Z,38,38,1.0,90.0,17.066666666666666,3.2186498937499652,5.1,Rayan Aït-Nouri
Alexander Isak,FWD,Newcastle,90,2,0,0,0,4.4,9.1,30.0,4.4,94,False,8,2025-05-25T15:00:00Z,38,38,5.666666666666667,85.33333333333333,22.53333333333333,4.173169601316136,9.4,Alexander Isak
Levi Colwill,DEF,Chelsea,90,15,1,0,3,44.4,1.3,33.0,7.9,44,True,16,2025-05-25T15:00:00Z,38,38,2.6666666666666665,90.0,16.333333333333332,3.5366692235370802,4.4,Levi Colwill
Kevin Danso,DEF,Spurs,90,0,0,0,0,34.0,0.3,0.0,3.4,44,False,5,2025-05-25T15:00:00Z,38,38,1.3333333333333333,90.0,26.733333333333334,2.9214811000898946,4.4,Kevin Danso
Kevin De Bruyne,MID,Man City,5,1,0,0,0,0.8,1.3,0.0,0.2,95,True,9,2025-05-25T15:00:00Z,38,38,5.666666666666667,80.33333333333333,20.2,3.6074002067700435,9.5,Kevin De Bruyne
Andrew Robertson,DEF,Liverpool,84,2,0,0,0,4.2,6.6,2.0,1.3,58,False,7,2025-05-25T15:00:00Z,38,38,1.6666666666666667,70.0,10.866666666666667,2.9866536084992874,5.8,Andrew Robertson
Yoane Wissa,FWD,Brentford,90,1,0,0,0,1.4,23.9,33.0,5.8,69,True,20,2025-05-25T15:00:00Z,38,38,6.0,90.0,30.733333333333334,3.982830210067317,6.9,Yoane Wissa
Sandro Tonali,MID,Newcastle,90,2,0,0,0,24.2,69.2,11.0,10.4,55,False,8,2025-05-25T15:00:00Z,38,38,5.0,90.0,22.400000000000002,3.4891500690964388,5.5,Sandro Tonali
Michael Kayode,DEF,Brentford,85,2,0,0,0,11.4,12.8,2.0,2.6,45,True,20,2025-05-25T15:00:00Z,38,38,4.0,77.33333333333333,17.666666666666668,2.9623266684741116,4.5,Michael Kayode
Michael Keane,DEF,Everton,90,6,0,0,0,19.0,0.1,0.0,1.9,38,False,15,2025-05-25T15:00:00Z,38,38,3.0,48.0,22.0,2.5964299326707736,3.8,Michael Keane
Flynn Downes,MID,Southampton,90,2,0,0,0,21.8,3.4,0.0,2.5,47,False,1,2025-05-25T15:00:00Z,38,38,1.6666666666666667,90.0,11.333333333333334,2.4212563692489972,4.7,Flynn Downes
Ederson Santana de Moraes,GK,Man City,90,7,0,0,0,27.2,0.0,0.0,2.7,53,True,9,2025-05-25T15:00:00Z,38,38,4.333333333333333,90.0,5.933333333333331,4.5097930753686235,5.3,Ederson Santana de Moraes
Edson Álvarez Velázquez,MID,West Ham,79,2,0,0,0,19.0,4.7,2.0,2.6,50,False,10,2025-05-25T15:00:00Z,38,38,0.6666666666666666,37.0,4.400000000000002,2.8795268302980412,5.0,Edson Álvarez Velázquez
Elliot Anderson,MID,Nott'm Forest,90,1,0,0,0,11.6,19.7,18.0,4.9,50,True,6,2025-05-25T15:00:00Z,38,38,1.6666666666666667,87.33333333333333,16.733333333333334,2.842348373766326,5.0,Elliot Anderson
Sander Berge,MID,Fulham,4,1,0,0,0,4.0,0.6,17.0,2.2,50,False,13,2025-05-25T15:00:00Z,38,38,1.0,67.0,4.066666666666667,2.2456527228029888,5.0,Sander Berge
Francisco Evanilson de Lima Barbosa,FWD,Bournemouth,90,2,0,0,0,0.0,12.8,20.0,3.1,59,True,11,2025-05-25T15:00:00Z,38,38,3.3333333333333335,86.0,11.733333333333327,3.8037213892635253,5.9,Francisco Evanilson de Lima Barbosa
Tyrick Mitchell,DEF,Crystal Palace,90,5,0,1,0,44.4,11.7,0.0,5.6,48,False,12,2025-05-25T15:00:00Z,38,38,4.0,80.0,13.466666666666667,2.8529774862439115,4.8,Tyrick Mitchell
Victor Lindelöf,DEF,Man Utd,90,6,0,0,0,8.2,7.2,0.0,1.5,43,True,2,2025-05-25T15:00:00Z,38,38,1.3333333333333333,47.333333333333336,9.000000000000002,2.2181644788698365,4.3,Victor Lindelöf
Mikel Merino,MID,Arsenal,90,2,0,0,0,5.2,10.8,18.0,3.4,60,False,17,2025-05-25T15:00:00Z,38,38,3.0,50.0,22.266666666666662,2.487335254526514,6.0,Mikel Merino
Alisson Ramses Becker,GK,Liverpool,90,3,0,0,0,33.0,0.0,0.0,3.3,55,True,7,2025-05-25T15:00:00Z,38,38,2.6666666666666665,90.0,43.06666666666666,3.8530748628619995,5.5,Alisson Ramses Becker
Youri Tielemans,MID,Aston Villa,28,1,0,0,0,6.2,11.4,12.0,3.0,55,False,14,2025-05-25T15:00:00Z,38,38,6.666666666666667,87.33333333333333,28.400000000000006,3.8555344714881827,5.5,Youri Tielemans
Kevin Schade,MID,Brentford,79,2,0,0,0,15.8,12.8,40.0,6.9,53,True,20,2025-05-25T15:00:00Z,38,38,9.0,72.33333333333333,40.53333333333333,6.317798045539854,5.3,Kevin Schade
Kieran Tierney,DEF,Arsenal,62,10,1,0,2,49.4,18.6,35.0,10.3,43,False,17,2025-05-25T15:00:00Z,38,38,1.0,6.0,2.933333333333333,2.982320119657284,4.3,Kieran Tierney
Kieran Trippier,DEF,Newcastle,27,1,0,0,0,9.2,41.6,3.0,5.4,56,True,8,2025-05-25T15:00:00Z,38,38,5.666666666666667,85.0,32.13333333333333,4.0567320819158965,5.6,Kieran Trippier
Reece James,DEF,Chelsea,90,6,0,0,0,17.6,2.1,0.0,2.0,48,True,16,2025-05-25T15:00:00Z,38,38,4.0,45.666666666666664,9.4,2.8413216949176534,4.8,Reece James
Richarlison de Andrade,FWD,Spurs,24,1,0,0,0,1.0,0.1,0.0,0.1,68,False,5,2025-05-25T15:00:00Z,38,38,1.0,31.0,0.0,2.3658508629636104,6.8,Richarlison de Andrade
Alex Iwobi,MID,Fulham,29,1,0,0,0,5.6,3.3,6.0,1.5,54,False,13,2025-05-25T15:00:00Z,38,38,2.0,76.66666666666667,12.666666666666666,2.9645941516271153,5.4,Alex Iwobi
Sávio 'Savinho' Moreira de Oliveira,MID,Man City,16,1,0,0,0,0.2,0.3,2.0,0.3,60,True,9,2025-05-25T15:00:00Z,38,38,1.6666666666666667,33.0,6.0,2.0930604599819507,6.0,Sávio 'Savinho' Moreira de Oliveira
Sven Botman,DEF,Newcastle,62,6,0,0,0,22.4,0.7,74.0,9.7,44,False,8,2025-05-25T15:00:00Z,38,38,1.3333333333333333,39.333333333333336,13.733333333333334,2.0655028521690038,4.4,Sven Botman
Mikkel Damsgaard,MID,Brentford,79,2,0,0,0,16.6,19.4,0.0,3.6,49,False,20,2025-05-25T15:00:00Z,38,38,3.3333333333333335,84.66666666666667,10.46666666666667,2.4375707048402138,4.9,Mikkel Damsgaard
Ezri Konsa Ngoyo,DEF,Aston Villa,90,1,0,0,0,13.2,0.3,0.0,1.4,45,True,14,2025-05-25T15:00:00Z,38,38,8.666666666666666,90.0,28.266666666666666,3.3810554624727445,4.5,Ezri Konsa Ngoyo
Fabian Schär,DEF,Newcastle,90,1,0,0,0,3.6,3.5,18.0,2.5,55,False,8,2025-05-25T15:00:00Z,38,38,4.333333333333333,90.0,23.0,3.4468299786542165,5.5,Fabian Schär
Enzo Fernández,MID,Chelsea,90,3,0,0,0,3.8,14.3,0.0,1.8,47,False,16,2025-05-25T15:00:00Z,38,38,4.333333333333333,89.0,23.066666666666666,3.2491560380732425,4.7,Enzo Fernández
Erling Haaland,FWD,Man City,84,6,1,0,0,29.2,11.0,36.0,7.6,149,True,9,2025-05-25T15:00:00Z,38,38,3.6666666666666665,87.33333333333333,14.266666666666671,4.772278421396814,14.9,Erling Haaland
Milos Kerkez,DEF,Bournemouth,90,6,0,0,0,11.4,23.8,14.0,4.9,53,True,11,2025-05-25T15:00:00Z,38,38,1.6666666666666667,86.33333333333333,8.933333333333332,3.2946222304307495,5.3,Milos Kerkez
Mitoma Kaoru,MID,Brighton,45,4,0,1,0,22.2,16.7,4.0,4.3,63,False,18,2025-05-25T15:00:00Z,38,38,4.333333333333333,21.0,26.266666666666666,3.3151964182522664,6.3,Mitoma Kaoru
Łukasz Fabiański,GK,West Ham,90,3,0,0,0,25.6,0.0,0.0,2.6,39,False,10,2025-05-25T15:00:00Z,38,38,1.6666666666666667,71.66666666666667,26.73333333333333,2.3036284757360237,3.9,Łukasz Fabiański
Robert Sánchez,GK,Chelsea,90,6,0,0,0,12.4,0.0,0.0,1.2,45,False,16,2025-05-25T15:00:00Z,38,38,3.3333333333333335,90.0,19.466666666666672,3.4193084620633556,4.5,Robert Sánchez
